INSERT INTO instrutores (nome, sobrenome, email) VALUES
('Carlos', 'Silva', 'carlos.silva@edutech.com'), ('Ana', 'Beatriz', 'ana.beatriz@edutech.com'),
('Mariana', 'Costa', 'mariana.costa@edutech.com'), ('Ricardo', 'Oliveira', 'ricardo.oliveira@edutech.com'),
('Fernanda', 'Lima', 'fernanda.lima@edutech.com'), ('Roberto', 'Santos', 'roberto.santos@edutech.com'),
('Juliana', 'Almeida', 'juliana.almeida@edutech.com'), ('Marcelo', 'Ribeiro', 'marcelo.ribeiro@edutech.com'),
('Camila', 'Gomes', 'camila.gomes@edutech.com'), ('Rodrigo', 'Martins', 'rodrigo.martins@edutech.com'),
('Patricia', 'Rocha', 'patricia.rocha@edutech.com'), ('Bruno', 'Carvalho', 'bruno.carvalho@edutech.com'),
('Amanda', 'Mendes', 'amanda.mendes@edutech.com'), ('Thiago', 'Ferreira', 'thiago.ferreira@edutech.com'),
('Larissa', 'Cardoso', 'larissa.cardoso@edutech.com'), ('Felipe', 'Teixeira', 'felipe.teixeira@edutech.com'),
('Gabriela', 'Nunes', 'gabriela.nunes@edutech.com'), ('Lucas', 'Pereira', 'lucas.pereira@edutech.com'),
('Vanessa', 'Rodrigues', 'vanessa.rodrigues@edutech.com'), ('Diego', 'Souza', 'diego.souza@edutech.com'),
('Beatriz', 'Alves', 'beatriz.alves@edutech.com'), ('Daniel', 'Barbosa', 'daniel.barbosa@edutech.com'),
('Letitia', 'Castro', 'leticia.castro@edutech.com'), ('André', 'Dias', 'andre.dias@edutech.com'),
('Aline', 'Fernandes', 'aline.fernandes@edutech.com'), ('Leonardo', 'Garcia', 'leonardo.garcia@edutech.com'),
('Priscila', 'Gaspari', 'priscila.gaspari@edutech.com'), ('Eduardo', 'Henrique', 'eduardo.henrique@edutech.com'),
('Jessica', 'Jesus', 'jessica.jesus@edutech.com'), ('Mauricio', 'Lopes', 'mauricio.lopes@edutech.com'),
('Tatiane', 'Machado', 'tatiane.machado@edutech.com'), ('Alexandre', 'Melo', 'alexandre.melo@edutech.com'),
('Caroline', 'Moreira', 'caroline.moreira@edutech.com'), ('Fabio', 'Moura', 'fabio.moura@edutech.com'),
('Gisele', 'Nascimento', 'gisele.nascimento@edutech.com'), ('Gustavo', 'Neves', 'gustavo.neves@edutech.com'),
('Isabela', 'Pinto', 'isabela.pinto@edutech.com'), ('Jonathan', 'Ramos', 'jonathan.ramos@edutech.com'),
('Karina', 'Reis', 'karina.reis@edutech.com'), ('Leandro', 'Rocha', 'leandro.rocha@edutech.com'),
('Natalia', 'Santana', 'natalia.santana@edutech.com'), ('Pedro', 'Soares', 'pedro.soares@edutech.com'),
('Renata', 'Teixeira', 'renata.teixeira@edutech.com'), ('Samuel', 'Vieira', 'samuel.vieira@edutech.com'),
('Thais', 'Xavier', 'thais.xavier@edutech.com'), ('Victor', 'Augusto', 'victor.augusto@edutech.com'),
('Monica', 'Freitas', 'monica.freitas@edutech.com'), ('Arthur', 'Miranda', 'arthur.miranda@edutech.com'),
('Danielle', 'Nogueira', 'danielle.nogueira@edutech.com'), ('Caio', 'Antunes', 'caio.antunes@edutech.com');


INSERT INTO especialidades (id_instrutor, nome_especialidade) VALUES
(1, 'Banco de Dados'), (1, 'PostgreSQL'), (2, 'Desenvolvimento Web'), (2, 'React'),
(3, 'Data Science'), (3, 'Python'), (4, 'Machine Learning'), (5, 'UX/UI Design'),
(6, 'Cybersecurity'), (7, 'Metodologias Ágeis'), (8, 'DevOps'), (9, 'Cloud Computing'),
(10, 'Marketing Digital'), (11, 'Gestão de Projetos'), (12, 'Mobile iOS'), (13, 'Mobile Android'),
(14, 'Inteligência Artificial'), (15, 'Estatística'), (16, 'Redes de Computadores'), (17, 'Design Gráfico'),
(18, 'Java Enterprise'), (19, 'Node.js'), (20, 'C# e .NET'), (21, 'QA e Testes'),
(22, 'Business Intelligence'), (23, 'Arquitetura de Software'), (24, 'Governança de TI'), (25, 'Copywriting'),
(26, 'SEO Avançado'), (27, 'Product Management'), (28, 'Linux Admin'), (29, 'Docker & Kubernetes'),
(30, 'Blockchain'), (31, 'Scrum Master'), (32, 'Finanças Corporativas'), (33, 'Análise de Requisitos'),
(34, 'Big Data'), (35, 'Growth Hacking'), (36, 'Data Visualization'), (37, 'Engenharia de Dados'),
(38, 'Salesforce'), (39, 'Sistemas Operacionais'), (40, 'Compiladores'), (41, 'Computação Gráfica'),
(42, 'Inglês Instrumental'), (43, 'Comunicação Assertiva'), (44, 'Liderança de Equipes'), (45, 'Inovação'),
(46, 'Excel Avançado'), (47, 'Power BI');


INSERT INTO cursos (titulo, preco, carga_horaria, id_instrutor) VALUES
('Banco de Dados e SQL', 199.90, 40, 1), ('React do Zero ao Avançado', 299.00, 60, 2),
('Python para Data Science', 249.90, 50, 3), ('Introdução ao Machine Learning', 349.00, 45, 4),
('Design de Interface com Figma', 150.00, 30, 5), ('Fundamentos de Cybersecurity', 399.00, 40, 6),
('Scrum e Kanban na Prática', 99.00, 20, 7), ('Cultura DevOps e CI/CD', 299.90, 35, 8),
('AWS Cloud Practitioner', 189.00, 25, 9), ('Estratégias de Marketing Digital', 120.00, 30, 10),
('Gestão de Projetos com PMBOK', 299.00, 45, 11), ('Desenvolvimento iOS com Swift', 450.00, 80, 12),
('Desenvolvimento Android com Kotlin', 450.00, 80, 13), ('Criando IAs com TensorFlow', 499.00, 70, 14),
('Estatística Descritiva', 89.90, 15, 15), ('Infraestrutura de Redes', 179.90, 30, 16),
('Adobe Photoshop Profissional', 130.00, 25, 17), ('Java e Spring Boot', 320.00, 65, 18),
('APIs REST com Node.js', 199.00, 40, 19), ('Desenvolvimento Web com C#', 280.00, 50, 20),
('Automação de Testes com Cypress', 160.00, 30, 21), ('Dashboards no Excel', 79.90, 12, 46),
('Power BI Avançado', 199.00, 24, 47), ('Modelagem de Dados Relacional', 120.00, 20, 1),
('Avançado em React Native', 310.00, 55, 2), ('Pandas e NumPy para Análise', 140.00, 18, 3),
('Redes Neurais Artificiais', 420.00, 50, 4), ('Design System Escalável', 210.00, 28, 5),
('Hacking Ético e Teste de Invasão', 480.00, 60, 6), ('Métricas Ágeis', 110.00, 15, 7),
('Infraestrutura como Código (Terraform)', 270.00, 30, 8), ('Google Cloud Fundamental', 190.00, 22, 9),
('SEO e Tráfego Orgânico', 135.00, 25, 10), ('MS Project para Gestores', 180.00, 20, 11),
('Anatomia de uma Interface', 95.00, 10, 17), ('Arquitetura de Microsserviços', 390.00, 45, 23),
('Desenvolvimento Orientado a Objetos', 150.00, 30, 18), ('JavaScript Moderno (ES6+)', 99.00, 25, 19),
('Introdução ao Git e GitHub', 0.00, 8, 23), ('Estrutura de Dados em C', 160.00, 40, 28),
('Administração de Sistemas Linux', 240.00, 35, 28), ('Docker no Dia a Dia', 150.00, 18, 29),
('Kubernetes em Produção', 380.00, 40, 29), ('Introdução a Criptomoedas', 110.00, 12, 30),
('Lógica de Programação', 49.90, 20, 40), ('Análise de Algoritmos', 180.00, 30, 40),
('Inglês Técnico para TI', 120.00, 35, 42), ('Comunicação Corporativa', 90.00, 15, 43),
('Liderança e Negociação', 220.00, 24, 44), ('Design Thinking na Prática', 160.00, 18, 45);


INSERT INTO modulos (titulo_modulo, ordem, id_curso) VALUES
('Introdução e Conceitos Iniciais', 1, 1), ('Escrevendo os Primeiros SELECTs', 2, 1),
('Filtrando dados com WHERE', 3, 1), ('Agrupamentos e Funções de Agregação', 4, 1),
('Dominando Joins e Unions', 5, 1), ('Configurando o Ambiente React', 1, 2),
('Componentes e Props', 2, 2), ('Gerenciamento de Estado com Hooks', 3, 2),
('Consumindo APIs REST', 4, 2), ('Deploy da Aplicação React', 5, 2),
('Sintaxe Básica do Python', 1, 3), ('Listas, Dicionários e Tuplas', 2, 3),
('Manipulação de Arquivos e Strings', 3, 3), ('Análise Estatística Básica', 4, 3),
('Visualização de Dados com Matplotlib', 5, 3), ('O que é Aprendizado de Máquina?', 1, 4),
('Regressão Linear Simples', 2, 4), ('Algoritmos de Classificação', 3, 4),
('Introdução ao Figma', 1, 5), ('Criando Wireframes e Fluxos', 2, 5),
('Componentes e Variantes', 3, 5), ('Prototipagem Interativa', 4, 5),
('Histórico das Ameaças Digitais', 1, 6), ('Criptografia Simétrica e Assimétrica', 2, 6),
('Segurança em Redes Sem Fio', 3, 6), ('O Manifesto Ágil', 1, 7),
('Papéis no Scrum (PO, SM, Dev)', 2, 7), ('Cerimônias do Scrum', 3, 7),
('O que é a Cultura DevOps?', 1, 8), ('Introdução à Integração Contínua', 2, 8),
('O ecossistema AWS', 1, 9), ('Calculando Custos na Nuvem', 2, 9),
('Funil de Vendas e Jornada do Cliente', 1, 10), ('Configurando Campanhas de Anúncios', 2, 10),
('O Ciclo de Vida do Projeto', 1, 11), ('Gestão de Escopo e Cronograma', 2, 11),
('Ambiente de Desenvolvimento Xcode', 1, 12), ('Conceitos Básicos do Swift', 2, 12),
('Configurando o Android Studio', 1, 13), ('Variáveis e Fluxos em Kotlin', 2, 13),
('O que são Tensores?', 1, 14), ('Treinando a Primeira Rede Neural', 2, 14),
('Média, Mediana e Moda', 1, 15), ('Variância e Desvio Padrão', 2, 15),
('O Modelo OSI e TCP/IP', 1, 16), ('Conceitos de Roteamento', 2, 16),
('Conhecendo a Interface do Photoshop', 1, 17), ('Trabalhando com Camadas e Máscaras', 2, 17),
('Arquitetura do Spring Boot', 1, 18), ('Criando Entidades e Repositories', 2, 18);


INSERT INTO alunos (nome, email, data_nascimento) VALUES
('Gabriel Silva', 'gabriel@email.com', '1998-05-20'), ('Lucas Oliveira', 'lucas@email.com', '1995-11-12'),
('Beatriz Santos', 'beatriz@email.com', '2001-03-04'), ('Mateus Costa', 'mateus@email.com', '1992-07-25'),
('Larissa Almeida', 'larissa@email.com', '1997-09-30'), ('Guilherme Souza', 'guilherme@email.com', '1994-01-15'),
('Isabella Ribeiro', 'isabella@email.com', '2000-08-18'), ('Felipe Carvalho', 'felipe@email.com', '1993-04-22'),
('Bruna Martins', 'bruna@email.com', '1996-12-05'), ('Gustavo Ferreira', 'gustavo@email.com', '1999-06-11'),
('Letícia Rocha', 'leticia@email.com', '2002-02-28'), ('Thiago Mendes', 'thiago@email.com', '1991-10-14'),
('Camila Rodrigues', 'camila@email.com', '1995-03-27'), ('Vinícius Gomes', 'vinicius@email.com', '1998-07-09'),
('Amanda Lima', 'amanda@email.com', '1997-01-23'), ('Rodrigo Barbosa', 'rodrigo@email.com', '1994-08-02'),
('Juliana Castro', 'juliana@email.com', '2000-11-19'), ('Daniel Nunes', 'daniel@email.com', '1992-05-14'),
('Vitória Fernandes', 'vitoria@email.com', '2001-09-07'), ('Leonardo Ramos', 'leonardo@email.com', '1996-04-03'),
('Mariana Teixeira', 'mariana@email.com', '1999-12-21'), ('Eduardo Vieira', 'eduardo@email.com', '1993-02-10'),
('Aline Soares', 'aline@email.com', '1995-07-17'), ('Pedro Henrique', 'pedro@email.com', '1998-10-31'),
('Caroline Garcia', 'caroline@email.com', '2000-01-26'), ('Arthur Cardoso', 'arthur@email.com', '1994-06-08'),
('Sofia Melo', 'sofia@email.com', '2002-05-15'), ('Matheus Neves', 'matheus.n@email.com', '1997-03-12'),
('Laura Pinto', 'laura@email.com', '1996-08-24'), ('Enzo Teixeira', 'enzo@email.com', '2003-04-02'),
('Valentina Dias', 'valentina@email.com', '2001-12-10'), ('Heitor Machado', 'heitor@email.com', '1992-09-13'),
('Alice Reis', 'alice@email.com', '1999-02-22'), ('Bernardo Moura', 'bernardo@email.com', '1995-06-18'),
('Manuela Xavier', 'manuela@email.com', '1998-01-05'), ('Lorenzo Freitas', 'lorenzo@email.com', '1993-11-27'),
('Heloísa Miranda', 'heloisa@email.com', '2000-07-14'), ('Yuri Nogueira', 'yuri@email.com', '1994-03-09'),
('Lívia Antunes', 'livia@email.com', '1997-10-08'), ('Samuel Augusto', 'samuel.a@email.com', '1996-05-19'),
('Giovanna Cunha', 'giovanna@email.com', '2001-04-23'), ('Murilo Lopes', 'murilo@email.com', '1992-12-12'),
('Lorena Campos', 'lorena@email.com', '1999-08-01'), ('Erick Farias', 'erick@email.com', '1995-02-16'),
('Yasmin Viana', 'yasmin@email.com', '1998-09-05'), ('Renan Guimarães', 'renan@email.com', '1993-07-29'),
('Fernanda Borba', 'fernanda.b@email.com', '2000-03-11'), ('Caio Moreira', 'caio.m@email.com', '1996-11-22'),
('Nicole Fontes', 'nicole@email.com', '1997-06-14'), ('Otávio Rezende', 'otavio@email.com', '1994-10-03');


INSERT INTO matriculas (id_aluno, id_curso, data_inicio, progresso) VALUES
(1, 1, '2026-01-10', 100), (2, 1, '2026-01-12', 45), (3, 2, '2026-01-15', 100),
(4, 2, '2026-01-20', 15), (5, 3, '2026-02-01', 100), (6, 3, '2026-02-02', 80),
(7, 4, '2026-02-05', 100), (8, 5, '2026-02-10', 100), (9, 6, '2026-02-12', 30),
(10, 7, '2026-02-15', 100), (11, 8, '2026-02-18', 50), (12, 9, '2026-02-20', 100),
(13, 10, '2026-02-22', 95), (14, 11, '2026-02-25', 100), (15, 12, '2026-03-01', 20),
(16, 13, '2026-03-02', 100), (17, 14, '2026-03-05', 40), (18, 15, '2026-03-10', 100),
(19, 16, '2026-03-12', 10), (20, 17, '2026-03-15', 100), (21, 18, '2026-03-18', 65),
(22, 19, '2026-03-20', 100), (23, 20, '2026-03-22', 0), (24, 21, '2026-03-25', 100),
(25, 22, '2026-04-01', 100), (26, 23, '2026-04-02', 75), (27, 24, '2026-04-05', 100),
(28, 25, '2026-04-10', 35), (29, 26, '2026-04-12', 100), (30, 27, '2026-04-15', 100),
(31, 28, '2026-04-18', 90), (32, 29, '2026-04-20', 100), (33, 30, '2026-04-22', 100),
(34, 31, '2026-04-25', 55), (35, 32, '2026-05-01', 100), (36, 33, '2026-05-02', 100),
(37, 34, '2026-05-05', 12), (38, 35, '2026-05-10', 100), (39, 36, '2026-05-12', 40),
(40, 37, '2026-05-15', 100), (41, 38, '2026-05-18', 100), (42, 39, '2026-05-20', 100),
(43, 40, '2026-05-22', 25), (44, 41, '2026-05-25', 100), (45, 42, '2026-06-01', 100),
(46, 43, '2026-06-02', 85), (47, 44, '2026-06-03', 100), (48, 45, '2026-06-04', 100),
(49, 46, '2026-06-05', 60), (50, 47, '2026-06-06', 100);


INSERT INTO certificados (codigo_autenticidade, data_emissao, id_matricula) VALUES
('HASH9823472938472938472938472931', '2026-02-15', 1), ('HASH9823472938472938472938472932', '2026-02-16', 2),
('HASH9823472938472938472938472933', '2026-02-20', 3), ('HASH9823472938472938472938472934', '2026-02-25', 4),
('HASH9823472938472938472938472935', '2026-03-01', 5), ('HASH9823472938472938472938472936', '2026-03-05', 6),
('HASH9823472938472938472938472937', '2026-03-06', 7), ('HASH9823472938472938472938472938', '2026-03-12', 8),
('HASH9823472938472938472938472939', '2026-03-15', 9), ('HASH9823472938472938472938472940', '2026-03-20', 10),
('HASH9823472938472938472938472941', '2026-03-22', 11), ('HASH9823472938472938472938472942', '2026-03-25', 12),
('HASH9823472938472938472938472943', '2026-03-28', 13), ('HASH9823472938472938472938472944', '2026-04-01', 14),
('HASH9823472938472938472938472945', '2026-04-02', 15), ('HASH9823472938472938472938472946', '2026-04-05', 16),
('HASH9823472938472938472938472947', '2026-04-10', 17), ('HASH9823472938472938472938472948', '2026-04-12', 18),
('HASH9823472938472938472938472949', '2026-04-15', 19), ('HASH9823472938472938472938472950', '2026-04-18', 20),
('HASH9823472938472938472938472951', '2026-04-20', 21), ('HASH9823472938472938472938472952', '2026-04-22', 22),
('HASH9823472938472938472938472953', '2026-04-25', 23), ('HASH9823472938472938472938472954', '2026-04-28', 24),
('HASH9823472938472938472938472955', '2026-05-02', 25), ('HASH9823472938472938472938472956', '2026-05-05', 26),
('HASH9823472938472938472938472957', '2026-05-08', 27), ('HASH9823472938472938472938472958', '2026-05-12', 28),
('HASH9823472938472938472938472959', '2026-05-15', 29), ('HASH9823472938472938472938472960', '2026-05-18', 30),
('HASH9823472938472938472938472961', '2026-05-20', 31), ('HASH9823472938472938472938472962', '2026-05-22', 32),
('HASH9823472938472938472938472963', '2026-05-25', 33), ('HASH9823472938472938472938472964', '2026-05-28', 34),
('HASH9823472938472938472938472965', '2026-06-01', 35), ('HASH9823472938472938472938472966', '2026-06-02', 36),
('HASH9823472938472938472938472967', '2026-06-03', 37), ('HASH9823472938472938472938472968', '2026-06-04', 38),
('HASH9823472938472938472938472969', '2026-06-05', 39), ('HASH9823472938472938472938472970', '2026-06-06', 40),
('HASH9823472938472938472938472971', '2026-06-07', 41), ('HASH9823472938472938472938472972', '2026-06-08', 42),
('HASH9823472938472938472938472973', '2026-06-09', 43), ('HASH9823472938472938472938472974', '2026-06-10', 44),
('HASH9823472938472938472938472975', '2026-06-11', 45), ('HASH9823472938472938472938472976', '2026-06-12', 46),
('HASH9823472938472938472938472977', '2026-06-13', 47), ('HASH9823472938472938472938472978', '2026-06-14', 48),
('HASH9823472938472938472938472979', '2026-06-14', 49), ('HASH9823472938472938472938472980', '2026-06-14', 50);